Model,Train RMSE,Test RMSE,Validation RMSE,Train Loss,Validation Loss
GRU with Regularization,0.05241233456746101,0.08467589718525245,0.060019290186464784,0.007261995518347248,0.005899009165586904
