Model,Train RMSE,Test RMSE,Validation RMSE,Train Loss,Validation Loss
GRU,0.052445907506148796,0.08003884899116512,0.058390662912279366,0.003251697594532743,0.0036216939077712597
