Model,Train RMSE,Test RMSE,Validation RMSE,Train Loss,Validation Loss
LSTM,0.058020900394767524,0.1413,0.06280371680855751,0.003817874564556405,0.004914078251458704
