Model,Train RMSE,Test RMSE,Validation RMSE,Train Loss,Validation Loss
RNN with Regularization,0.053210399248730236,0.09020900596763591,0.058946453724056484,0.06229068632237613,0.05346502144820988
