Model,Train RMSE,Test RMSE,Validation RMSE,Train Loss,Validation Loss
LSTM with Regularization,0.10714100833982229,0.4221,0.21193486131727696,0.014176868028007448,0.04638210790231824
