Model,Train RMSE,Test RMSE,Validation RMSE,Train Loss,Validation Loss
RNN,0.05320932720110151,0.16413931524270728,0.06393730515614152,0.0031940346583724023,0.004674364551901817
